{
  "Use Non-ASCII Font" : false,
  "Tags" : [

  ],
  "Ansi 12 Color" : {
    "Green Component" : 0.8117647171020508,
    "Blue Component" : 0.9411764740943909,
    "Red Component" : 0.5529412031173706
  },
  "Ansi 7 Color" : {
    "Green Component" : 0.6298518180847168,
    "Blue Component" : 0.6297031044960022,
    "Red Component" : 0.6297333240509033
  },
  "Ansi 8 Color" : {
    "Green Component" : 0.4799999892711639,
    "Blue Component" : 0.4799999892711639,
    "Red Component" : 0.4799999892711639
  },
  "Bold Color" : {
    "Green Component" : 1,
    "Blue Component" : 1,
    "Red Component" : 1
  },
  "Ansi 9 Color" : {
    "Green Component" : 0.5137254902,
    "Blue Component" : 0.4862745098,
    "Red Component" : 0.8392156863
  },
  "Ansi 4 Color" : {
    "Green Component" : 0.6392156863,
    "Blue Component" : 0.768627451,
    "Red Component" : 0.3843137255
  },
  "Guid" : "65E9BC3D-DED8-47E5-9D68-19357CFBD37A",
  "Rows" : 25,
  "Default Bookmark" : "No",
  "Blend" : 0.05290214342948718,
  "Cursor Guide Color" : {
    "Red Component" : 0.65,
    "Color Space" : "Calibrated",
    "Blue Component" : 1,
    "Alpha Component" : 0.25,
    "Green Component" : 0.91
  },
  "Non-ASCII Anti Aliased" : true,
  "Use Bright Bold" : true,
  "Ansi 10 Color" : {
    "Green Component" : 0.9450980392,
    "Blue Component" : 0.2156862745,
    "Red Component" : 0.768627451
  },
  "Ambiguous Double Width" : false,
  "Jobs to Ignore" : [
    "rlogin",
    "slogin",
    "telnet"
  ],
  "Ansi 15 Color" : {
    "Green Component" : 0.9686274528503418,
    "Blue Component" : 0.9686274528503418,
    "Red Component" : 0.9686274528503418
  },
  "Foreground Color" : {
    "Green Component" : 0.9686274528503418,
    "Blue Component" : 0.9686274528503418,
    "Red Component" : 0.9686274528503418
  },
  "Bound Hosts" : [

  ],
  "Working Directory" : "\/Users\/Sondre",
  "Blinking Cursor" : true,
  "Disable Window Resizing" : true,
  "Sync Title" : false,
  "Prompt Before Closing 2" : 2,
  "BM Growl" : true,
  "Command" : "",
  "Description" : "Default",
  "Space" : 0,
  "Mouse Reporting" : true,
  "Screen" : -1,
  "Selection Color" : {
    "Green Component" : 0.4543989896774292,
    "Blue Component" : 0.5150196552276611,
    "Red Component" : 0.1270008981227875
  },
  "Smart Cursor Color" : false,
  "Only The Default BG Color Uses Transparency" : false,
  "Columns" : 80,
  "Idle Code" : 0,
  "Ansi 13 Color" : {
    "Green Component" : 0.6039215686,
    "Blue Component" : 1,
    "Red Component" : 0.968627451
  },
  "Custom Command" : "No",
  "ASCII Anti Aliased" : true,
  "Non Ascii Font" : "Monaco 12",
  "Vertical Spacing" : 1,
  "Use Bold Font" : true,
  "Option Key Sends" : 2,
  "Selected Text Color" : {
    "Green Component" : 0.9686274528503418,
    "Blue Component" : 0.9686274528503418,
    "Red Component" : 0.9686274528503418
  },
  "Background Color" : {
    "Green Component" : 0.1061420664191246,
    "Blue Component" : 0.1061182767152786,
    "Red Component" : 0.1061216965317726
  },
  "Character Encoding" : 4,
  "Ansi 11 Color" : {
    "Green Component" : 0.8823529481887817,
    "Blue Component" : 0.3019607961177826,
    "Red Component" : 0.9960784316062927
  },
  "Thin Strokes" : 1,
  "Use Italic Font" : true,
  "Unlimited Scrollback" : true,
  "Keyboard Map" : {
    "0xf700-0x260000" : {
      "Text" : "[1;6A",
      "Action" : 10
    },
    "0x37-0x40000" : {
      "Text" : "0x1f",
      "Action" : 11
    },
    "0x32-0x40000" : {
      "Text" : "0x00",
      "Action" : 11
    },
    "0xf709-0x20000" : {
      "Text" : "[17;2~",
      "Action" : 10
    },
    "0xf70c-0x20000" : {
      "Text" : "[20;2~",
      "Action" : 10
    },
    "0xf729-0x20000" : {
      "Text" : "[1;2H",
      "Action" : 10
    },
    "0xf72b-0x40000" : {
      "Text" : "[1;5F",
      "Action" : 10
    },
    "0xf705-0x20000" : {
      "Text" : "[1;2Q",
      "Action" : 10
    },
    "0xf703-0x260000" : {
      "Text" : "[1;6C",
      "Action" : 10
    },
    "0xf700-0x220000" : {
      "Text" : "[1;2A",
      "Action" : 10
    },
    "0xf701-0x280000" : {
      "Text" : "0x1b 0x1b 0x5b 0x42",
      "Action" : 11
    },
    "0x38-0x40000" : {
      "Text" : "0x7f",
      "Action" : 11
    },
    "0x33-0x40000" : {
      "Text" : "0x1b",
      "Action" : 11
    },
    "0xf703-0x220000" : {
      "Text" : "[1;2C",
      "Action" : 10
    },
    "0xf701-0x240000" : {
      "Text" : "[1;5B",
      "Action" : 10
    },
    "0xf70d-0x20000" : {
      "Text" : "[21;2~",
      "Action" : 10
    },
    "0xf702-0x260000" : {
      "Text" : "[1;6D",
      "Action" : 10
    },
    "0xf729-0x40000" : {
      "Text" : "[1;5H",
      "Action" : 10
    },
    "0xf706-0x20000" : {
      "Text" : "[1;2R",
      "Action" : 10
    },
    "0x34-0x40000" : {
      "Text" : "0x1c",
      "Action" : 11
    },
    "0xf700-0x280000" : {
      "Text" : "0x1b 0x1b 0x5b 0x41",
      "Action" : 11
    },
    "0x2d-0x40000" : {
      "Text" : "0x1f",
      "Action" : 11
    },
    "0xf70e-0x20000" : {
      "Text" : "[23;2~",
      "Action" : 10
    },
    "0xf702-0x220000" : {
      "Text" : "[1;2D",
      "Action" : 10
    },
    "0xf703-0x280000" : {
      "Text" : "f",
      "Action" : 10
    },
    "0xf700-0x240000" : {
      "Text" : "[1;5A",
      "Action" : 10
    },
    "0xf707-0x20000" : {
      "Text" : "[1;2S",
      "Action" : 10
    },
    "0xf70a-0x20000" : {
      "Text" : "[18;2~",
      "Action" : 10
    },
    "0x35-0x40000" : {
      "Text" : "0x1d",
      "Action" : 11
    },
    "0xf70f-0x20000" : {
      "Text" : "[24;2~",
      "Action" : 10
    },
    "0xf703-0x240000" : {
      "Text" : "[1;5C",
      "Action" : 10
    },
    "0xf701-0x260000" : {
      "Text" : "[1;6B",
      "Action" : 10
    },
    "0xf702-0x280000" : {
      "Text" : "b",
      "Action" : 10
    },
    "0xf72b-0x20000" : {
      "Text" : "[1;2F",
      "Action" : 10
    },
    "0x36-0x40000" : {
      "Text" : "0x1e",
      "Action" : 11
    },
    "0xf708-0x20000" : {
      "Text" : "[15;2~",
      "Action" : 10
    },
    "0xf701-0x220000" : {
      "Text" : "[1;2B",
      "Action" : 10
    },
    "0xf70b-0x20000" : {
      "Text" : "[19;2~",
      "Action" : 10
    },
    "0xf702-0x240000" : {
      "Text" : "[1;5D",
      "Action" : 10
    },
    "0xf704-0x20000" : {
      "Text" : "[1;2P",
      "Action" : 10
    }
  },
  "Window Type" : 0,
  "Blur Radius" : 14.052734375,
  "Cursor Type" : 1,
  "Blur" : true,
  "Blink Allowed" : true,
  "Badge Color" : {
    "Red Component" : 1,
    "Color Space" : "Calibrated",
    "Blue Component" : 0,
    "Alpha Component" : 0.5,
    "Green Component" : 0
  },
  "Scrollback Lines" : 1000,
  "Send Code When Idle" : false,
  "Close Sessions On End" : true,
  "Terminal Type" : "xterm-256color",
  "Visual Bell" : true,
  "Flashing Bell" : false,
  "Silence Bell" : false,
  "Session Close Undo Timeout" : 10,
  "Ansi 14 Color" : {
    "Green Component" : 0.8509803922,
    "Blue Component" : 0.8117647059,
    "Red Component" : 0.4156862745
  },
  "Background Image Is Tiled" : false,
  "Name" : "Def",
  "Cursor Text Color" : {
    "Green Component" : 1,
    "Blue Component" : 1,
    "Red Component" : 1
  },
  "Shortcut" : "",
  "Cursor Color" : {
    "Green Component" : 0.7333333492279053,
    "Blue Component" : 0.7333333492279053,
    "Red Component" : 0.7333333492279053
  },
  "Transparency" : 0.2393745377218935,
  "Ansi 0 Color" : {
    "Green Component" : 0,
    "Blue Component" : 0,
    "Red Component" : 0
  },
  "Horizontal Spacing" : 1,
  "Ansi 3 Color" : {
    "Green Component" : 0.6470588235,
    "Blue Component" : 0,
    "Red Component" : 0.768627451
  },
  "Custom Directory" : "No",
  "Ansi 5 Color" : {
    "Green Component" : 0.5411764706,
    "Blue Component" : 0.8,
    "Red Component" : 0.7294117647
  },
  "Ansi 6 Color" : {
    "Green Component" : 0.4509803950786591,
    "Blue Component" : 0.5137255191802979,
    "Red Component" : 0.125490203499794
  },